,text
0,Tá»± nhiÃªn nhá»› Ä‘áº¿n linhka vÃ  nghe láº¡i bÃ i nÃ y cá»§a linhka sau 5 nÄƒm
1,á»§a nhÆ°ng mÃ  kÃªnh yt chÃ­nh cá»§a Linh Ka giá» khÃ´ng cÃ²n ná»¯a Ä‘k ta
2,láº¡y trá»i láº¡y pháº­t Ä‘á»ƒ hÆ°Æ¡ng TrÃ m há»c mau mau vá» nhÃ  Ä‘Ã³n Táº¿t thÃ¬ hay láº¯m rá»“i
3,Bx hÃ¡t hay quÃ¡
4,"NÃ³i chá»© bÃ© nÃ y xinh Ã¡. TÆ°Æ¡ng lai tráº» lÃ¢u nÃ¨. Giá»‘ng chá»‹ HÃ  Mi Sáº¯m, tráº» lÃ¢u"
5,NhÆ° cá»©t
6,Trang Ä‘iá»ƒm thi lá»‘ lÄƒng Ã´ dá» hÃ¡t thÃ¬ chá»‰nh giá»ng giá»‘ng nhÆ° hÃ¡t nhÃ©p
7,Máº¥y Ä‘á»©a ham gÃ¡i thÃ¬ kÃªu hay cÃ²n ngÆ°á»i biáº¿t nghe sáº½ nháº­n ra tháº¿ nÃ o lÃ   Ä‘Ãºng
8,Trang Ä‘iá»ƒm hÆ¡i á»‘ dá» xáº¥u hÃ¡t thÃ¬ cá»© nhÆ° hÃ¡t nhÃ©p Ã½
9,Hay mÃ  sao chÃª quÃ¡ tr v :)?
10,"Dá»Ÿ quÃ¡, Äƒn máº·c thÃ¬ lÃ²e loáº¹t, giá»ng dáº¹o vÃ£i, chá»‰nh quÃ¡ nhiá»u, táº·ng 1 dislike"
11,hay mÃ  sao láº¡i dis tháº¿? bá»n ngá»› ngáº©n
12,t cÅ©ng tÆ°á»Ÿng m.n chÃª theo phong trÃ o ai ngá» nghe cÃ¢u Ä‘áº§u tao dislike máº¹ luÃ´n pai m.n tui Ä‘i nghe báº£n gá»‘c Ä‘Ã¢y
13,Chá»‰nh giá»ng quÃ¡ Ä‘Ã  ğŸ™ğŸ»ğŸ™ğŸ»
14,Sao báº£o em nÃ³a bá»‹ ung thÆ° váº¿u mÃ 
15,Vd gá»‘c cá»§a linh ka Ä‘Ã¢u z m.n tÃ¬m ko tháº¥y
16,"Nghe dá»Ÿ vÃ£i ra, nghe cÃ¢u Ä‘áº§u thÃ´i Ä‘Ã£ máº¯c áº», trang Ä‘iá»ƒm nhÆ° cá»©t, giá»ng thÃ¬ eo Æ¡i kinh khá»§ng"
17,Trang Ä‘iá»ƒm giÃ  quÃ¡ trong khi tuá»•i váº«n cÃ²n tráº»
18,"CÅ©ng may bÃ  Linh Ka giá» chÃº tÃ¢m lÃ m influencer/KOL rá»“i =))) báº£ cÃ³ tÃ i á»Ÿ máº£ng Ä‘áº¥y, chá»© máº£ng Ã¢m nháº¡c ra mv nÃ o lÃ  bá»‹ chÃª lÃªn chÃª xuá»‘ng."
19,Æ  hayyyyyy mÃ aa
20,"Dá»Ÿ vÃ£i , trang Ä‘iá»ƒm thÃ¬ loÃ¨ loáº¹t , giá»ng lÃªn quÃ¡ lá»‘"
21,2021
22,cÃ²n non láº¯m
23,Ä‘á»“ ca ve
24,Giáº£ táº¡o
25,hay quÃ¡ chá»‹ nhÃ¬n xinh quÃ¡
26,Em gÃ¡i mÆ°a mÃ  cháº£ cÃ³ tÃ½ mÆ°a nÃ o
27,Anh nhÃ  á»Ÿ Ä‘Ã¢u tháº¿ Ä‘Ã¢u
28,"Hay láº¯m chá»‹ Æ¡i 
HÃ³ng cÃ¡c MV sau nÃ y cá»§a chá»‹  ğŸ’—ğŸ’—ğŸ’—"
